{"cameraMode":{"drawMode":0,"name":"Shaded","section":"Shading Mode"},"sceneLighting":true,"audioPlay":false,"sceneViewState":{"showFog":false,"showMaterialUpdate":false,"showSkybox":true,"showFlares":false,"showImageEffects":false,"showParticleSystems":false},"in2DMode":false,"pivot":{"x":20.37875747680664,"y":1.4375553131103516,"z":4.376650810241699},"rotation":{"x":-0.06916110962629318,"y":-0.051755186170339587,"z":0.0035934043116867544,"w":-0.9962592124938965},"size":10.575587272644043,"orthographic":false}