{"cameraMode":{"drawMode":0,"name":"Shaded","section":"Shading Mode"},"sceneLighting":false,"audioPlay":false,"sceneViewState":{"showFog":false,"showMaterialUpdate":false,"showSkybox":false,"showFlares":false,"showImageEffects":false,"showParticleSystems":false},"in2DMode":false,"pivot":{"x":16.015336990356447,"y":2.9551682472229006,"z":9.99999713897705},"rotation":{"x":-0.1660364419221878,"y":0.003547367639839649,"z":-0.0005971155478619039,"w":-0.9861139059066773},"size":7.726631164550781,"orthographic":false}